lad_code,council,country,provider_id,collection_source_status,commercial_stage,priority,contact_name,contact_role,contact_email,last_contacted,next_action_date,next_action,notes
E06000001,Hartlepool,England,lad-e06000001,nationwide-routing-unverified,not-contacted,,,,,,,,
E06000002,Middlesbrough,England,lad-e06000002,nationwide-routing-unverified,not-contacted,,,,,,,,
E06000003,Redcar and Cleveland,England,lad-e06000003,nationwide-routing-unverified,not-contacted,,,,,,,,
E06000004,Stockton-on-Tees,England,lad-e06000004,nationwide-routing-unverified,not-contacted,,,,,,,,
E06000005,Darlington,England,lad-e06000005,nationwide-routing-unverified,not-contacted,,,,,,,,
E06000006,Halton,England,lad-e06000006,nationwide-routing-unverified,not-contacted,,,,,,,,
E06000007,Warrington,England,lad-e06000007,nationwide-routing-unverified,not-contacted,,,,,,,,
E06000008,Blackburn with Darwen,England,lad-e06000008,nationwide-routing-unverified,not-contacted,,,,,,,,
E06000009,Blackpool,England,lad-e06000009,nationwide-routing-unverified,not-contacted,,,,,,,,
E06000010,"Kingston upon Hull, City of",England,lad-e06000010,nationwide-routing-unverified,not-contacted,,,,,,,,
E06000011,East Riding of Yorkshire,England,lad-e06000011,nationwide-routing-unverified,not-contacted,,,,,,,,
E06000012,North East Lincolnshire,England,lad-e06000012,nationwide-routing-unverified,not-contacted,,,,,,,,
E06000013,North Lincolnshire,England,lad-e06000013,nationwide-routing-unverified,not-contacted,,,,,,,,
E06000014,York,England,lad-e06000014,nationwide-routing-unverified,not-contacted,,,,,,,,
E06000015,Derby,England,lad-e06000015,nationwide-routing-unverified,not-contacted,,,,,,,,
E06000016,Leicester,England,lad-e06000016,nationwide-routing-unverified,not-contacted,,,,,,,,
E06000017,Rutland,England,lad-e06000017,nationwide-routing-unverified,not-contacted,,,,,,,,
E06000018,Nottingham,England,lad-e06000018,nationwide-routing-unverified,not-contacted,,,,,,,,
E06000019,"Herefordshire, County of",England,lad-e06000019,nationwide-routing-unverified,not-contacted,,,,,,,,
E06000020,Telford and Wrekin,England,lad-e06000020,nationwide-routing-unverified,not-contacted,,,,,,,,
E06000021,Stoke-on-Trent,England,lad-e06000021,nationwide-routing-unverified,not-contacted,,,,,,,,
E06000022,Bath and North East Somerset,England,lad-e06000022,nationwide-routing-unverified,not-contacted,,,,,,,,
E06000023,"Bristol, City of",England,lad-e06000023,nationwide-routing-unverified,not-contacted,,,,,,,,
E06000024,North Somerset,England,lad-e06000024,nationwide-routing-unverified,not-contacted,,,,,,,,
E06000025,South Gloucestershire,England,lad-e06000025,nationwide-routing-unverified,not-contacted,,,,,,,,
E06000026,Plymouth,England,lad-e06000026,nationwide-routing-unverified,not-contacted,,,,,,,,
E06000027,Torbay,England,lad-e06000027,nationwide-routing-unverified,not-contacted,,,,,,,,
E06000030,Swindon,England,lad-e06000030,nationwide-routing-unverified,not-contacted,,,,,,,,
E06000031,Peterborough,England,lad-e06000031,nationwide-routing-unverified,not-contacted,,,,,,,,
E06000032,Luton,England,lad-e06000032,nationwide-routing-unverified,not-contacted,,,,,,,,
E06000033,Southend-on-Sea,England,lad-e06000033,nationwide-routing-unverified,not-contacted,,,,,,,,
E06000034,Thurrock,England,lad-e06000034,nationwide-routing-unverified,not-contacted,,,,,,,,
E06000035,Medway,England,lad-e06000035,nationwide-routing-unverified,not-contacted,,,,,,,,
E06000036,Bracknell Forest,England,lad-e06000036,nationwide-routing-unverified,not-contacted,,,,,,,,
E06000037,West Berkshire,England,lad-e06000037,nationwide-routing-unverified,not-contacted,,,,,,,,
E06000038,Reading,England,lad-e06000038,nationwide-routing-unverified,not-contacted,,,,,,,,
E06000039,Slough,England,lad-e06000039,nationwide-routing-unverified,not-contacted,,,,,,,,
E06000040,Windsor and Maidenhead,England,lad-e06000040,nationwide-routing-unverified,not-contacted,,,,,,,,
E06000041,Wokingham,England,lad-e06000041,nationwide-routing-unverified,not-contacted,,,,,,,,
E06000042,Milton Keynes,England,lad-e06000042,nationwide-routing-unverified,not-contacted,,,,,,,,
E06000043,Brighton and Hove,England,lad-e06000043,nationwide-routing-unverified,not-contacted,,,,,,,,
E06000044,Portsmouth,England,lad-e06000044,nationwide-routing-unverified,not-contacted,,,,,,,,
E06000045,Southampton,England,lad-e06000045,nationwide-routing-unverified,not-contacted,,,,,,,,
E06000046,Isle of Wight,England,lad-e06000046,nationwide-routing-unverified,not-contacted,,,,,,,,
E06000047,County Durham,England,lad-e06000047,nationwide-routing-unverified,not-contacted,,,,,,,,
E06000049,Cheshire East,England,lad-e06000049,nationwide-routing-unverified,not-contacted,,,,,,,,
E06000050,Cheshire West and Chester,England,lad-e06000050,nationwide-routing-unverified,not-contacted,,,,,,,,
E06000051,Shropshire,England,lad-e06000051,nationwide-routing-unverified,not-contacted,,,,,,,,
E06000052,Cornwall,England,lad-e06000052,nationwide-routing-unverified,not-contacted,,,,,,,,
E06000053,Isles of Scilly,England,lad-e06000053,nationwide-routing-unverified,not-contacted,,,,,,,,
E06000054,Wiltshire,England,lad-e06000054,nationwide-routing-unverified,not-contacted,,,,,,,,
E06000055,Bedford,England,lad-e06000055,nationwide-routing-unverified,not-contacted,,,,,,,,
E06000056,Central Bedfordshire,England,lad-e06000056,nationwide-routing-unverified,not-contacted,,,,,,,,
E06000057,Northumberland,England,lad-e06000057,nationwide-routing-unverified,not-contacted,,,,,,,,
E06000058,"Bournemouth, Christchurch and Poole",England,lad-e06000058,nationwide-routing-unverified,not-contacted,,,,,,,,
E06000059,Dorset,England,lad-e06000059,nationwide-routing-unverified,not-contacted,,,,,,,,
E06000060,Buckinghamshire,England,lad-e06000060,nationwide-routing-unverified,not-contacted,,,,,,,,
E06000061,North Northamptonshire,England,lad-e06000061,nationwide-routing-unverified,not-contacted,,,,,,,,
E06000062,West Northamptonshire,England,lad-e06000062,nationwide-routing-unverified,not-contacted,,,,,,,,
E06000063,Cumberland,England,lad-e06000063,nationwide-routing-unverified,not-contacted,,,,,,,,
E06000064,Westmorland and Furness,England,lad-e06000064,nationwide-routing-unverified,not-contacted,,,,,,,,
E06000065,North Yorkshire,England,lad-e06000065,nationwide-routing-unverified,not-contacted,,,,,,,,
E06000066,Somerset,England,lad-e06000066,nationwide-routing-unverified,not-contacted,,,,,,,,
E07000008,Cambridge,England,lad-e07000008,nationwide-routing-unverified,not-contacted,,,,,,,,
E07000009,East Cambridgeshire,England,lad-e07000009,nationwide-routing-unverified,not-contacted,,,,,,,,
E07000010,Fenland,England,lad-e07000010,nationwide-routing-unverified,not-contacted,,,,,,,,
E07000011,Huntingdonshire,England,lad-e07000011,nationwide-routing-unverified,not-contacted,,,,,,,,
E07000012,South Cambridgeshire,England,lad-e07000012,nationwide-routing-unverified,not-contacted,,,,,,,,
E07000032,Amber Valley,England,lad-e07000032,nationwide-routing-unverified,not-contacted,,,,,,,,
E07000033,Bolsover,England,lad-e07000033,nationwide-routing-unverified,not-contacted,,,,,,,,
E07000034,Chesterfield,England,lad-e07000034,nationwide-routing-unverified,not-contacted,,,,,,,,
E07000035,Derbyshire Dales,England,lad-e07000035,nationwide-routing-unverified,not-contacted,,,,,,,,
E07000036,Erewash,England,lad-e07000036,nationwide-routing-unverified,not-contacted,,,,,,,,
E07000037,High Peak,England,lad-e07000037,nationwide-routing-unverified,not-contacted,,,,,,,,
E07000038,North East Derbyshire,England,lad-e07000038,nationwide-routing-unverified,not-contacted,,,,,,,,
E07000039,South Derbyshire,England,lad-e07000039,nationwide-routing-unverified,not-contacted,,,,,,,,
E07000040,East Devon,England,lad-e07000040,nationwide-routing-unverified,not-contacted,,,,,,,,
E07000041,Exeter,England,lad-e07000041,nationwide-routing-unverified,not-contacted,,,,,,,,
E07000042,Mid Devon,England,lad-e07000042,nationwide-routing-unverified,not-contacted,,,,,,,,
E07000043,North Devon,England,lad-e07000043,nationwide-routing-unverified,not-contacted,,,,,,,,
E07000044,South Hams,England,lad-e07000044,nationwide-routing-unverified,not-contacted,,,,,,,,
E07000045,Teignbridge,England,lad-e07000045,nationwide-routing-unverified,not-contacted,,,,,,,,
E07000046,Torridge,England,lad-e07000046,nationwide-routing-unverified,not-contacted,,,,,,,,
E07000047,West Devon,England,lad-e07000047,nationwide-routing-unverified,not-contacted,,,,,,,,
E07000061,Eastbourne,England,lad-e07000061,nationwide-routing-unverified,not-contacted,,,,,,,,
E07000062,Hastings,England,lad-e07000062,nationwide-routing-unverified,not-contacted,,,,,,,,
E07000063,Lewes,England,lad-e07000063,nationwide-routing-unverified,not-contacted,,,,,,,,
E07000064,Rother,England,lad-e07000064,nationwide-routing-unverified,not-contacted,,,,,,,,
E07000065,Wealden,England,lad-e07000065,nationwide-routing-unverified,not-contacted,,,,,,,,
E07000066,Basildon,England,lad-e07000066,nationwide-routing-unverified,not-contacted,,,,,,,,
E07000067,Braintree,England,lad-e07000067,nationwide-routing-unverified,not-contacted,,,,,,,,
E07000068,Brentwood,England,lad-e07000068,nationwide-routing-unverified,not-contacted,,,,,,,,
E07000069,Castle Point,England,lad-e07000069,nationwide-routing-unverified,not-contacted,,,,,,,,
E07000070,Chelmsford,England,lad-e07000070,nationwide-routing-unverified,not-contacted,,,,,,,,
E07000071,Colchester,England,lad-e07000071,nationwide-routing-unverified,not-contacted,,,,,,,,
E07000072,Epping Forest,England,lad-e07000072,nationwide-routing-unverified,not-contacted,,,,,,,,
E07000073,Harlow,England,lad-e07000073,nationwide-routing-unverified,not-contacted,,,,,,,,
E07000074,Maldon,England,lad-e07000074,nationwide-routing-unverified,not-contacted,,,,,,,,
E07000075,Rochford,England,lad-e07000075,nationwide-routing-unverified,not-contacted,,,,,,,,
E07000076,Tendring,England,lad-e07000076,nationwide-routing-unverified,not-contacted,,,,,,,,
E07000077,Uttlesford,England,lad-e07000077,nationwide-routing-unverified,not-contacted,,,,,,,,
E07000078,Cheltenham,England,lad-e07000078,nationwide-routing-unverified,not-contacted,,,,,,,,
E07000079,Cotswold,England,lad-e07000079,nationwide-routing-unverified,not-contacted,,,,,,,,
E07000080,Forest of Dean,England,lad-e07000080,nationwide-routing-unverified,not-contacted,,,,,,,,
E07000081,Gloucester,England,lad-e07000081,nationwide-routing-unverified,not-contacted,,,,,,,,
E07000082,Stroud,England,lad-e07000082,nationwide-routing-unverified,not-contacted,,,,,,,,
E07000083,Tewkesbury,England,lad-e07000083,nationwide-routing-unverified,not-contacted,,,,,,,,
E07000084,Basingstoke and Deane,England,lad-e07000084,nationwide-routing-unverified,not-contacted,,,,,,,,
E07000085,East Hampshire,England,lad-e07000085,nationwide-routing-unverified,not-contacted,,,,,,,,
E07000086,Eastleigh,England,lad-e07000086,nationwide-routing-unverified,not-contacted,,,,,,,,
E07000087,Fareham,England,lad-e07000087,nationwide-routing-unverified,not-contacted,,,,,,,,
E07000088,Gosport,England,lad-e07000088,nationwide-routing-unverified,not-contacted,,,,,,,,
E07000089,Hart,England,lad-e07000089,nationwide-routing-unverified,not-contacted,,,,,,,,
E07000090,Havant,England,lad-e07000090,nationwide-routing-unverified,not-contacted,,,,,,,,
E07000091,New Forest,England,lad-e07000091,nationwide-routing-unverified,not-contacted,,,,,,,,
E07000092,Rushmoor,England,lad-e07000092,nationwide-routing-unverified,not-contacted,,,,,,,,
E07000093,Test Valley,England,lad-e07000093,nationwide-routing-unverified,not-contacted,,,,,,,,
E07000094,Winchester,England,lad-e07000094,nationwide-routing-unverified,not-contacted,,,,,,,,
E07000095,Broxbourne,England,lad-e07000095,nationwide-routing-unverified,not-contacted,,,,,,,,
E07000096,Dacorum,England,lad-e07000096,nationwide-routing-unverified,not-contacted,,,,,,,,
E07000098,Hertsmere,England,lad-e07000098,nationwide-routing-unverified,not-contacted,,,,,,,,
E07000099,North Hertfordshire,England,lad-e07000099,nationwide-routing-unverified,not-contacted,,,,,,,,
E07000102,Three Rivers,England,lad-e07000102,nationwide-routing-unverified,not-contacted,,,,,,,,
E07000103,Watford,England,lad-e07000103,nationwide-routing-unverified,not-contacted,,,,,,,,
E07000105,Ashford,England,lad-e07000105,nationwide-routing-unverified,not-contacted,,,,,,,,
E07000106,Canterbury,England,lad-e07000106,nationwide-routing-unverified,not-contacted,,,,,,,,
E07000107,Dartford,England,lad-e07000107,nationwide-routing-unverified,not-contacted,,,,,,,,
E07000108,Dover,England,lad-e07000108,nationwide-routing-unverified,not-contacted,,,,,,,,
E07000109,Gravesham,England,lad-e07000109,nationwide-routing-unverified,not-contacted,,,,,,,,
E07000110,Maidstone,England,lad-e07000110,nationwide-routing-unverified,not-contacted,,,,,,,,
E07000111,Sevenoaks,England,lad-e07000111,nationwide-routing-unverified,not-contacted,,,,,,,,
E07000112,Folkestone and Hythe,England,lad-e07000112,nationwide-routing-unverified,not-contacted,,,,,,,,
E07000113,Swale,England,lad-e07000113,nationwide-routing-unverified,not-contacted,,,,,,,,
E07000114,Thanet,England,lad-e07000114,nationwide-routing-unverified,not-contacted,,,,,,,,
E07000115,Tonbridge and Malling,England,lad-e07000115,nationwide-routing-unverified,not-contacted,,,,,,,,
E07000116,Tunbridge Wells,England,lad-e07000116,nationwide-routing-unverified,not-contacted,,,,,,,,
E07000117,Burnley,England,lad-e07000117,nationwide-routing-unverified,not-contacted,,,,,,,,
E07000118,Chorley,England,lad-e07000118,nationwide-routing-unverified,not-contacted,,,,,,,,
E07000119,Fylde,England,lad-e07000119,nationwide-routing-unverified,not-contacted,,,,,,,,
E07000120,Hyndburn,England,lad-e07000120,nationwide-routing-unverified,not-contacted,,,,,,,,
E07000121,Lancaster,England,lad-e07000121,nationwide-routing-unverified,not-contacted,,,,,,,,
E07000122,Pendle,England,lad-e07000122,nationwide-routing-unverified,not-contacted,,,,,,,,
E07000123,Preston,England,lad-e07000123,nationwide-routing-unverified,not-contacted,,,,,,,,
E07000124,Ribble Valley,England,lad-e07000124,nationwide-routing-unverified,not-contacted,,,,,,,,
E07000125,Rossendale,England,lad-e07000125,nationwide-routing-unverified,not-contacted,,,,,,,,
E07000126,South Ribble,England,lad-e07000126,nationwide-routing-unverified,not-contacted,,,,,,,,
E07000127,West Lancashire,England,lad-e07000127,nationwide-routing-unverified,not-contacted,,,,,,,,
E07000128,Wyre,England,lad-e07000128,nationwide-routing-unverified,not-contacted,,,,,,,,
E07000129,Blaby,England,lad-e07000129,nationwide-routing-unverified,not-contacted,,,,,,,,
E07000130,Charnwood,England,lad-e07000130,nationwide-routing-unverified,not-contacted,,,,,,,,
E07000131,Harborough,England,lad-e07000131,nationwide-routing-unverified,not-contacted,,,,,,,,
E07000132,Hinckley and Bosworth,England,lad-e07000132,nationwide-routing-unverified,not-contacted,,,,,,,,
E07000133,Melton,England,lad-e07000133,nationwide-routing-unverified,not-contacted,,,,,,,,
E07000134,North West Leicestershire,England,lad-e07000134,nationwide-routing-unverified,not-contacted,,,,,,,,
E07000135,Oadby and Wigston,England,lad-e07000135,nationwide-routing-unverified,not-contacted,,,,,,,,
E07000136,Boston,England,lad-e07000136,nationwide-routing-unverified,not-contacted,,,,,,,,
E07000137,East Lindsey,England,lad-e07000137,nationwide-routing-unverified,not-contacted,,,,,,,,
E07000138,Lincoln,England,lad-e07000138,nationwide-routing-unverified,not-contacted,,,,,,,,
E07000139,North Kesteven,England,lad-e07000139,nationwide-routing-unverified,not-contacted,,,,,,,,
E07000140,South Holland,England,lad-e07000140,nationwide-routing-unverified,not-contacted,,,,,,,,
E07000141,South Kesteven,England,lad-e07000141,nationwide-routing-unverified,not-contacted,,,,,,,,
E07000142,West Lindsey,England,lad-e07000142,nationwide-routing-unverified,not-contacted,,,,,,,,
E07000143,Breckland,England,lad-e07000143,nationwide-routing-unverified,not-contacted,,,,,,,,
E07000144,Broadland,England,lad-e07000144,nationwide-routing-unverified,not-contacted,,,,,,,,
E07000145,Great Yarmouth,England,lad-e07000145,nationwide-routing-unverified,not-contacted,,,,,,,,
E07000146,King's Lynn and West Norfolk,England,lad-e07000146,nationwide-routing-unverified,not-contacted,,,,,,,,
E07000147,North Norfolk,England,lad-e07000147,nationwide-routing-unverified,not-contacted,,,,,,,,
E07000148,Norwich,England,lad-e07000148,nationwide-routing-unverified,not-contacted,,,,,,,,
E07000149,South Norfolk,England,lad-e07000149,nationwide-routing-unverified,not-contacted,,,,,,,,
E07000170,Ashfield,England,lad-e07000170,nationwide-routing-unverified,not-contacted,,,,,,,,
E07000171,Bassetlaw,England,lad-e07000171,nationwide-routing-unverified,not-contacted,,,,,,,,
E07000172,Broxtowe,England,lad-e07000172,nationwide-routing-unverified,not-contacted,,,,,,,,
E07000173,Gedling,England,lad-e07000173,nationwide-routing-unverified,not-contacted,,,,,,,,
E07000174,Mansfield,England,lad-e07000174,nationwide-routing-unverified,not-contacted,,,,,,,,
E07000175,Newark and Sherwood,England,lad-e07000175,nationwide-routing-unverified,not-contacted,,,,,,,,
E07000176,Rushcliffe,England,lad-e07000176,nationwide-routing-unverified,not-contacted,,,,,,,,
E07000177,Cherwell,England,lad-e07000177,nationwide-routing-unverified,not-contacted,,,,,,,,
E07000178,Oxford,England,lad-e07000178,nationwide-routing-unverified,not-contacted,,,,,,,,
E07000179,South Oxfordshire,England,lad-e07000179,nationwide-routing-unverified,not-contacted,,,,,,,,
E07000180,Vale of White Horse,England,lad-e07000180,nationwide-routing-unverified,not-contacted,,,,,,,,
E07000181,West Oxfordshire,England,lad-e07000181,nationwide-routing-unverified,not-contacted,,,,,,,,
E07000192,Cannock Chase,England,lad-e07000192,nationwide-routing-unverified,not-contacted,,,,,,,,
E07000193,East Staffordshire,England,lad-e07000193,nationwide-routing-unverified,not-contacted,,,,,,,,
E07000194,Lichfield,England,lad-e07000194,nationwide-routing-unverified,not-contacted,,,,,,,,
E07000195,Newcastle-under-Lyme,England,lad-e07000195,nationwide-routing-unverified,not-contacted,,,,,,,,
E07000196,South Staffordshire,England,lad-e07000196,nationwide-routing-unverified,not-contacted,,,,,,,,
E07000197,Stafford,England,lad-e07000197,nationwide-routing-unverified,not-contacted,,,,,,,,
E07000198,Staffordshire Moorlands,England,lad-e07000198,nationwide-routing-unverified,not-contacted,,,,,,,,
E07000199,Tamworth,England,lad-e07000199,nationwide-routing-unverified,not-contacted,,,,,,,,
E07000200,Babergh,England,lad-e07000200,nationwide-routing-unverified,not-contacted,,,,,,,,
E07000202,Ipswich,England,lad-e07000202,nationwide-routing-unverified,not-contacted,,,,,,,,
E07000203,Mid Suffolk,England,lad-e07000203,nationwide-routing-unverified,not-contacted,,,,,,,,
E07000207,Elmbridge,England,lad-e07000207,nationwide-routing-unverified,not-contacted,,,,,,,,
E07000208,Epsom and Ewell,England,lad-e07000208,nationwide-routing-unverified,not-contacted,,,,,,,,
E07000209,Guildford,England,lad-e07000209,nationwide-routing-unverified,not-contacted,,,,,,,,
E07000210,Mole Valley,England,lad-e07000210,nationwide-routing-unverified,not-contacted,,,,,,,,
E07000211,Reigate and Banstead,England,lad-e07000211,nationwide-routing-unverified,not-contacted,,,,,,,,
E07000212,Runnymede,England,lad-e07000212,nationwide-routing-unverified,not-contacted,,,,,,,,
E07000213,Spelthorne,England,lad-e07000213,nationwide-routing-unverified,not-contacted,,,,,,,,
E07000214,Surrey Heath,England,lad-e07000214,nationwide-routing-unverified,not-contacted,,,,,,,,
E07000215,Tandridge,England,lad-e07000215,nationwide-routing-unverified,not-contacted,,,,,,,,
E07000216,Waverley,England,lad-e07000216,nationwide-routing-unverified,not-contacted,,,,,,,,
E07000217,Woking,England,lad-e07000217,nationwide-routing-unverified,not-contacted,,,,,,,,
E07000218,North Warwickshire,England,lad-e07000218,nationwide-routing-unverified,not-contacted,,,,,,,,
E07000219,Nuneaton and Bedworth,England,lad-e07000219,nationwide-routing-unverified,not-contacted,,,,,,,,
E07000220,Rugby,England,lad-e07000220,nationwide-routing-unverified,not-contacted,,,,,,,,
E07000221,Stratford-on-Avon,England,lad-e07000221,nationwide-routing-unverified,not-contacted,,,,,,,,
E07000222,Warwick,England,lad-e07000222,nationwide-routing-unverified,not-contacted,,,,,,,,
E07000223,Adur,England,lad-e07000223,nationwide-routing-unverified,not-contacted,,,,,,,,
E07000224,Arun,England,lad-e07000224,nationwide-routing-unverified,not-contacted,,,,,,,,
E07000225,Chichester,England,lad-e07000225,nationwide-routing-unverified,not-contacted,,,,,,,,
E07000226,Crawley,England,lad-e07000226,nationwide-routing-unverified,not-contacted,,,,,,,,
E07000227,Horsham,England,lad-e07000227,nationwide-routing-unverified,not-contacted,,,,,,,,
E07000228,Mid Sussex,England,lad-e07000228,nationwide-routing-unverified,not-contacted,,,,,,,,
E07000229,Worthing,England,lad-e07000229,nationwide-routing-unverified,not-contacted,,,,,,,,
E07000234,Bromsgrove,England,lad-e07000234,nationwide-routing-unverified,not-contacted,,,,,,,,
E07000235,Malvern Hills,England,lad-e07000235,nationwide-routing-unverified,not-contacted,,,,,,,,
E07000236,Redditch,England,lad-e07000236,nationwide-routing-unverified,not-contacted,,,,,,,,
E07000237,Worcester,England,lad-e07000237,nationwide-routing-unverified,not-contacted,,,,,,,,
E07000238,Wychavon,England,lad-e07000238,nationwide-routing-unverified,not-contacted,,,,,,,,
E07000239,Wyre Forest,England,lad-e07000239,nationwide-routing-unverified,not-contacted,,,,,,,,
E07000240,St Albans,England,lad-e07000240,nationwide-routing-unverified,not-contacted,,,,,,,,
E07000241,Welwyn Hatfield,England,lad-e07000241,nationwide-routing-unverified,not-contacted,,,,,,,,
E07000242,East Hertfordshire,England,lad-e07000242,nationwide-routing-unverified,not-contacted,,,,,,,,
E07000243,Stevenage,England,lad-e07000243,nationwide-routing-unverified,not-contacted,,,,,,,,
E07000244,East Suffolk,England,lad-e07000244,nationwide-routing-unverified,not-contacted,,,,,,,,
E07000245,West Suffolk,England,lad-e07000245,nationwide-routing-unverified,not-contacted,,,,,,,,
E08000001,Bolton,England,lad-e08000001,nationwide-routing-unverified,not-contacted,,,,,,,,
E08000002,Bury,England,lad-e08000002,nationwide-routing-unverified,not-contacted,,,,,,,,
E08000003,Manchester,England,lad-e08000003,nationwide-routing-unverified,not-contacted,,,,,,,,
E08000004,Oldham,England,lad-e08000004,nationwide-routing-unverified,not-contacted,,,,,,,,
E08000005,Rochdale,England,lad-e08000005,nationwide-routing-unverified,not-contacted,,,,,,,,
E08000006,Salford,England,lad-e08000006,nationwide-routing-unverified,not-contacted,,,,,,,,
E08000007,Stockport,England,lad-e08000007,nationwide-routing-unverified,not-contacted,,,,,,,,
E08000008,Tameside,England,lad-e08000008,nationwide-routing-unverified,not-contacted,,,,,,,,
E08000009,Trafford,England,lad-e08000009,nationwide-routing-unverified,not-contacted,,,,,,,,
E08000010,Wigan,England,lad-e08000010,nationwide-routing-unverified,not-contacted,,,,,,,,
E08000011,Knowsley,England,lad-e08000011,live-direct,not-contacted,,,,,,,,
E08000012,Liverpool,England,lad-e08000012,nationwide-routing-unverified,not-contacted,,,,,,,,
E08000013,St. Helens,England,lad-e08000013,nationwide-routing-unverified,not-contacted,,,,,,,,
E08000014,Sefton,England,lad-e08000014,nationwide-routing-unverified,not-contacted,,,,,,,,
E08000015,Wirral,England,lad-e08000015,nationwide-routing-unverified,not-contacted,,,,,,,,
E08000016,Barnsley,England,lad-e08000016,nationwide-routing-unverified,not-contacted,,,,,,,,
E08000017,Doncaster,England,lad-e08000017,nationwide-routing-unverified,not-contacted,,,,,,,,
E08000018,Rotherham,England,lad-e08000018,nationwide-routing-unverified,not-contacted,,,,,,,,
E08000019,Sheffield,England,lad-e08000019,nationwide-routing-unverified,not-contacted,,,,,,,,
E08000021,Newcastle upon Tyne,England,lad-e08000021,nationwide-routing-unverified,not-contacted,,,,,,,,
E08000022,North Tyneside,England,lad-e08000022,nationwide-routing-unverified,not-contacted,,,,,,,,
E08000023,South Tyneside,England,lad-e08000023,nationwide-routing-unverified,not-contacted,,,,,,,,
E08000024,Sunderland,England,lad-e08000024,nationwide-routing-unverified,not-contacted,,,,,,,,
E08000025,Birmingham,England,lad-e08000025,nationwide-routing-unverified,not-contacted,,,,,,,,
E08000026,Coventry,England,lad-e08000026,nationwide-routing-unverified,not-contacted,,,,,,,,
E08000027,Dudley,England,lad-e08000027,nationwide-routing-unverified,not-contacted,,,,,,,,
E08000028,Sandwell,England,lad-e08000028,nationwide-routing-unverified,not-contacted,,,,,,,,
E08000029,Solihull,England,lad-e08000029,nationwide-routing-unverified,not-contacted,,,,,,,,
E08000030,Walsall,England,lad-e08000030,nationwide-routing-unverified,not-contacted,,,,,,,,
E08000031,Wolverhampton,England,lad-e08000031,nationwide-routing-unverified,not-contacted,,,,,,,,
E08000032,Bradford,England,lad-e08000032,nationwide-routing-unverified,not-contacted,,,,,,,,
E08000033,Calderdale,England,lad-e08000033,nationwide-routing-unverified,not-contacted,,,,,,,,
E08000034,Kirklees,England,lad-e08000034,nationwide-routing-unverified,not-contacted,,,,,,,,
E08000035,Leeds,England,lad-e08000035,nationwide-routing-unverified,not-contacted,,,,,,,,
E08000036,Wakefield,England,lad-e08000036,nationwide-routing-unverified,not-contacted,,,,,,,,
E08000037,Gateshead,England,lad-e08000037,nationwide-routing-unverified,not-contacted,,,,,,,,
E09000001,City of London,England,lad-e09000001,nationwide-routing-unverified,not-contacted,,,,,,,,
E09000002,Barking and Dagenham,England,lad-e09000002,nationwide-routing-unverified,not-contacted,,,,,,,,
E09000003,Barnet,England,lad-e09000003,nationwide-routing-unverified,not-contacted,,,,,,,,
E09000004,Bexley,England,lad-e09000004,nationwide-routing-unverified,not-contacted,,,,,,,,
E09000005,Brent,England,lad-e09000005,nationwide-routing-unverified,not-contacted,,,,,,,,
E09000006,Bromley,England,lad-e09000006,nationwide-routing-unverified,not-contacted,,,,,,,,
E09000007,Camden,England,lad-e09000007,nationwide-routing-unverified,not-contacted,,,,,,,,
E09000008,Croydon,England,lad-e09000008,nationwide-routing-unverified,not-contacted,,,,,,,,
E09000009,Ealing,England,lad-e09000009,nationwide-routing-unverified,not-contacted,,,,,,,,
E09000010,Enfield,England,lad-e09000010,nationwide-routing-unverified,not-contacted,,,,,,,,
E09000011,Greenwich,England,lad-e09000011,nationwide-routing-unverified,not-contacted,,,,,,,,
E09000012,Hackney,England,lad-e09000012,nationwide-routing-unverified,not-contacted,,,,,,,,
E09000013,Hammersmith and Fulham,England,lad-e09000013,nationwide-routing-unverified,not-contacted,,,,,,,,
E09000014,Haringey,England,lad-e09000014,nationwide-routing-unverified,not-contacted,,,,,,,,
E09000015,Harrow,England,lad-e09000015,nationwide-routing-unverified,not-contacted,,,,,,,,
E09000016,Havering,England,lad-e09000016,nationwide-routing-unverified,not-contacted,,,,,,,,
E09000017,Hillingdon,England,lad-e09000017,nationwide-routing-unverified,not-contacted,,,,,,,,
E09000018,Hounslow,England,lad-e09000018,nationwide-routing-unverified,not-contacted,,,,,,,,
E09000019,Islington,England,lad-e09000019,nationwide-routing-unverified,not-contacted,,,,,,,,
E09000020,Kensington and Chelsea,England,lad-e09000020,nationwide-routing-unverified,not-contacted,,,,,,,,
E09000021,Kingston upon Thames,England,lad-e09000021,nationwide-routing-unverified,not-contacted,,,,,,,,
E09000022,Lambeth,England,lad-e09000022,nationwide-routing-unverified,not-contacted,,,,,,,,
E09000023,Lewisham,England,lad-e09000023,nationwide-routing-unverified,not-contacted,,,,,,,,
E09000024,Merton,England,lad-e09000024,nationwide-routing-unverified,not-contacted,,,,,,,,
E09000025,Newham,England,lad-e09000025,nationwide-routing-unverified,not-contacted,,,,,,,,
E09000026,Redbridge,England,lad-e09000026,nationwide-routing-unverified,not-contacted,,,,,,,,
E09000027,Richmond upon Thames,England,lad-e09000027,nationwide-routing-unverified,not-contacted,,,,,,,,
E09000028,Southwark,England,lad-e09000028,nationwide-routing-unverified,not-contacted,,,,,,,,
E09000029,Sutton,England,lad-e09000029,nationwide-routing-unverified,not-contacted,,,,,,,,
E09000030,Tower Hamlets,England,lad-e09000030,nationwide-routing-unverified,not-contacted,,,,,,,,
E09000031,Waltham Forest,England,lad-e09000031,nationwide-routing-unverified,not-contacted,,,,,,,,
E09000032,Wandsworth,England,lad-e09000032,nationwide-routing-unverified,not-contacted,,,,,,,,
E09000033,Westminster,England,lad-e09000033,nationwide-routing-unverified,not-contacted,,,,,,,,
N09000001,Antrim and Newtownabbey,Northern Ireland,lad-n09000001,nationwide-routing-unverified,not-contacted,,,,,,,,
N09000002,"Armagh City, Banbridge and Craigavon",Northern Ireland,lad-n09000002,nationwide-routing-unverified,not-contacted,,,,,,,,
N09000003,Belfast,Northern Ireland,lad-n09000003,nationwide-routing-unverified,not-contacted,,,,,,,,
N09000004,Causeway Coast and Glens,Northern Ireland,lad-n09000004,nationwide-routing-unverified,not-contacted,,,,,,,,
N09000005,Derry City and Strabane,Northern Ireland,lad-n09000005,nationwide-routing-unverified,not-contacted,,,,,,,,
N09000006,Fermanagh and Omagh,Northern Ireland,lad-n09000006,nationwide-routing-unverified,not-contacted,,,,,,,,
N09000007,Lisburn and Castlereagh,Northern Ireland,lad-n09000007,nationwide-routing-unverified,not-contacted,,,,,,,,
N09000008,Mid and East Antrim,Northern Ireland,lad-n09000008,nationwide-routing-unverified,not-contacted,,,,,,,,
N09000009,Mid Ulster,Northern Ireland,lad-n09000009,nationwide-routing-unverified,not-contacted,,,,,,,,
N09000010,"Newry, Mourne and Down",Northern Ireland,lad-n09000010,nationwide-routing-unverified,not-contacted,,,,,,,,
N09000011,Ards and North Down,Northern Ireland,lad-n09000011,nationwide-routing-unverified,not-contacted,,,,,,,,
S12000005,Clackmannanshire,Scotland,lad-s12000005,nationwide-routing-unverified,not-contacted,,,,,,,,
S12000006,Dumfries and Galloway,Scotland,lad-s12000006,nationwide-routing-unverified,not-contacted,,,,,,,,
S12000008,East Ayrshire,Scotland,lad-s12000008,nationwide-routing-unverified,not-contacted,,,,,,,,
S12000010,East Lothian,Scotland,lad-s12000010,nationwide-routing-unverified,not-contacted,,,,,,,,
S12000011,East Renfrewshire,Scotland,lad-s12000011,nationwide-routing-unverified,not-contacted,,,,,,,,
S12000013,Na h-Eileanan Siar,Scotland,lad-s12000013,nationwide-routing-unverified,not-contacted,,,,,,,,
S12000014,Falkirk,Scotland,lad-s12000014,nationwide-routing-unverified,not-contacted,,,,,,,,
S12000017,Highland,Scotland,lad-s12000017,nationwide-routing-unverified,not-contacted,,,,,,,,
S12000018,Inverclyde,Scotland,lad-s12000018,nationwide-routing-unverified,not-contacted,,,,,,,,
S12000019,Midlothian,Scotland,lad-s12000019,nationwide-routing-unverified,not-contacted,,,,,,,,
S12000020,Moray,Scotland,lad-s12000020,nationwide-routing-unverified,not-contacted,,,,,,,,
S12000021,North Ayrshire,Scotland,lad-s12000021,nationwide-routing-unverified,not-contacted,,,,,,,,
S12000023,Orkney Islands,Scotland,lad-s12000023,nationwide-routing-unverified,not-contacted,,,,,,,,
S12000026,Scottish Borders,Scotland,lad-s12000026,nationwide-routing-unverified,not-contacted,,,,,,,,
S12000027,Shetland Islands,Scotland,lad-s12000027,nationwide-routing-unverified,not-contacted,,,,,,,,
S12000028,South Ayrshire,Scotland,lad-s12000028,nationwide-routing-unverified,not-contacted,,,,,,,,
S12000029,South Lanarkshire,Scotland,lad-s12000029,nationwide-routing-unverified,not-contacted,,,,,,,,
S12000030,Stirling,Scotland,lad-s12000030,nationwide-routing-unverified,not-contacted,,,,,,,,
S12000033,Aberdeen City,Scotland,lad-s12000033,nationwide-routing-unverified,not-contacted,,,,,,,,
S12000034,Aberdeenshire,Scotland,lad-s12000034,nationwide-routing-unverified,not-contacted,,,,,,,,
S12000035,Argyll and Bute,Scotland,lad-s12000035,nationwide-routing-unverified,not-contacted,,,,,,,,
S12000036,City of Edinburgh,Scotland,lad-s12000036,nationwide-routing-unverified,not-contacted,,,,,,,,
S12000038,Renfrewshire,Scotland,lad-s12000038,nationwide-routing-unverified,not-contacted,,,,,,,,
S12000039,West Dunbartonshire,Scotland,lad-s12000039,nationwide-routing-unverified,not-contacted,,,,,,,,
S12000040,West Lothian,Scotland,lad-s12000040,nationwide-routing-unverified,not-contacted,,,,,,,,
S12000041,Angus,Scotland,lad-s12000041,nationwide-routing-unverified,not-contacted,,,,,,,,
S12000042,Dundee City,Scotland,lad-s12000042,nationwide-routing-unverified,not-contacted,,,,,,,,
S12000045,East Dunbartonshire,Scotland,lad-s12000045,nationwide-routing-unverified,not-contacted,,,,,,,,
S12000047,Fife,Scotland,lad-s12000047,nationwide-routing-unverified,not-contacted,,,,,,,,
S12000048,Perth and Kinross,Scotland,lad-s12000048,nationwide-routing-unverified,not-contacted,,,,,,,,
S12000049,Glasgow City,Scotland,lad-s12000049,nationwide-routing-unverified,not-contacted,,,,,,,,
S12000050,North Lanarkshire,Scotland,lad-s12000050,nationwide-routing-unverified,not-contacted,,,,,,,,
W06000001,Isle of Anglesey,Wales,lad-w06000001,nationwide-routing-unverified,not-contacted,,,,,,,,
W06000002,Gwynedd,Wales,lad-w06000002,nationwide-routing-unverified,not-contacted,,,,,,,,
W06000003,Conwy,Wales,lad-w06000003,nationwide-routing-unverified,not-contacted,,,,,,,,
W06000004,Denbighshire,Wales,lad-w06000004,nationwide-routing-unverified,not-contacted,,,,,,,,
W06000005,Flintshire,Wales,lad-w06000005,nationwide-routing-unverified,not-contacted,,,,,,,,
W06000006,Wrexham,Wales,lad-w06000006,nationwide-routing-unverified,not-contacted,,,,,,,,
W06000008,Ceredigion,Wales,lad-w06000008,nationwide-routing-unverified,not-contacted,,,,,,,,
W06000009,Pembrokeshire,Wales,lad-w06000009,nationwide-routing-unverified,not-contacted,,,,,,,,
W06000010,Carmarthenshire,Wales,lad-w06000010,nationwide-routing-unverified,not-contacted,,,,,,,,
W06000011,Swansea,Wales,lad-w06000011,nationwide-routing-unverified,not-contacted,,,,,,,,
W06000012,Neath Port Talbot,Wales,lad-w06000012,nationwide-routing-unverified,not-contacted,,,,,,,,
W06000013,Bridgend,Wales,lad-w06000013,nationwide-routing-unverified,not-contacted,,,,,,,,
W06000014,Vale of Glamorgan,Wales,lad-w06000014,nationwide-routing-unverified,not-contacted,,,,,,,,
W06000015,Cardiff,Wales,lad-w06000015,nationwide-routing-unverified,not-contacted,,,,,,,,
W06000016,Rhondda Cynon Taf,Wales,lad-w06000016,nationwide-routing-unverified,not-contacted,,,,,,,,
W06000018,Caerphilly,Wales,lad-w06000018,nationwide-routing-unverified,not-contacted,,,,,,,,
W06000019,Blaenau Gwent,Wales,lad-w06000019,nationwide-routing-unverified,not-contacted,,,,,,,,
W06000020,Torfaen,Wales,lad-w06000020,nationwide-routing-unverified,not-contacted,,,,,,,,
W06000021,Monmouthshire,Wales,lad-w06000021,nationwide-routing-unverified,not-contacted,,,,,,,,
W06000022,Newport,Wales,lad-w06000022,nationwide-routing-unverified,not-contacted,,,,,,,,
W06000023,Powys,Wales,lad-w06000023,nationwide-routing-unverified,not-contacted,,,,,,,,
W06000024,Merthyr Tydfil,Wales,lad-w06000024,nationwide-routing-unverified,not-contacted,,,,,,,,
